{
  "project_info": {
    "project_number": "514533122345",
    "project_id": "emulador-460f4",
    "storage_bucket": "emulador-460f4.appspot.com"
  },
  "client": [
    {
      "client_info": {
        "mobilesdk_app_id": "1:514533122345:android:a1874a862e5f1ab37b5738",
        "android_client_info": {
          "package_name": "com.cesardeveloper.app.emulador"
        }
      },
      "oauth_client": [
        {
          "client_id": "514533122345-ifh3sg944kbfvhts606b72btsif3ue6i.apps.googleusercontent.com",
          "client_type": 1,
          "android_info": {
            "package_name": "com.cesardeveloper.app.emulador",
            "certificate_hash": "782b78f133be18164e89b180ffc8d47859899c8d"
          }
        },
        {
          "client_id": "514533122345-ck1m3dsolkbbo3iikdqq1cmvgts8jpc7.apps.googleusercontent.com",
          "client_type": 3
        }
      ],
      "api_key": [
        {
          "current_key": "AIzaSyAKMX0T9dr-BoUGisTz211qvWdT5u7KPFk"
        }
      ],
      "services": {
        "appinvite_service": {
          "other_platform_oauth_client": [
            {
              "client_id": "514533122345-ck1m3dsolkbbo3iikdqq1cmvgts8jpc7.apps.googleusercontent.com",
              "client_type": 3
            }
          ]
        }
      }
    }
  ],
  "configuration_version": "1"
}